AÑO,MUNICIPIO,MACHOS MENORES DE 12 MESES,HEMBRAS MENORES DE 12 MESES,MACHOS DE 12 A 24 MESES,HEMBRAS DE 12 A 24 MESES,MACHOS DE 24 A 36 MESES,HEMBRAS DE 24 A 36 MESES,MACHOS MAYORES DE 36 MESES,HEMBRAS MAYORES DE 36 MESES,TOTAL
2016,ALMEIDA,280,370,130,280,140,300,150,760,2410
2016,AQUITANIA,1017,1040,1629,1091,2263,1255,731,3974,13000
2016,ARCABUCO,940,790,512,905,426,1132,345,1862,6912
2016,BELEN,800,850,650,700,600,1900,70,5000,10570
2016,BERBEO,181,140,603,284,190,214,172,234,2018
2016,BETEITIVA,250,350,100,200,100,200,50,800,2050
2016,BOAVITA,500,550,800,855,500,350,600,2000,6155
2016,BOYACA,448,168,336,336,224,470,112,706,2800
2016,BRICEÑO,250,270,330,220,120,380,150,1020,2740
2016,BUENAVISTA,463,502,493,579,342,241,170,1791,4581
2016,BUSBANZA,110,100,90,45,63,70,33,245,756
2016,CALDAS,750,1250,330,900,140,2280,60,3900,9610
2016,CAMPOHERMOSO,598,737,1001,745,1198,1157,516,2502,8454
2016,CERINZA,59,431,229,646,272,862,86,1723,4308
2016,CHINAVITA,250,200,400,400,350,600,350,400,2950
2016,CHIQUINQUIRA,700,3400,380,4350,780,2600,430,14650,27290
2016,CHIQUIZA,250,350,450,600,350,700,350,650,3700
2016,CHISCAS,1127,400,966,533,644,667,483,1066,5886
2016,CHITA,756,1551,812,723,526,537,692,1613,7210
2016,CHITARAQUE,730,550,620,310,795,487,374,514,4380
2016,CHIVATA,259,280,252,520,50,430,70,500,2361
2016,CHIVOR,200,150,230,180,300,400,60,300,1820
2016,CIENEGA,230,420,500,700,140,1400,80,1800,5270
2016,COMBITA,230,720,200,700,140,2400,80,2800,7270
2016,COPER,850,760,1300,950,740,1520,120,1800,8040
2016,CORRALES,100,150,150,150,150,100,150,200,1150
2016,COVARACHIA,150,118,488,330,325,389,323,608,2731
2016,CUBARA,1006,913,1163,1024,1272,997,358,2833,9566
2016,CUCAITA,200,250,80,180,8,110,10,182,1020
2016,CUITIVA,209,238,301,414,153,74,1,801,2191
2016,DUITAMA,500,1360,730,1585,450,2250,150,4500,11525
2016,EL COCUY,1500,1500,1500,1500,1500,1500,2000,3000,14000
2016,EL ESPINO,400,400,400,600,500,800,300,800,4200
2016,FIRAVITOBA,610,1011,870,975,910,1870,600,2220,9066
2016,FLORESTA,420,610,210,630,70,230,18,1480,3668
2016,GACHANTIVA,450,320,380,400,350,370,200,1100,3570
2016,GAMEZA,660,650,340,380,370,420,130,1250,4200
2016,GARAGOA,1050,1150,920,1040,910,1280,1252,3150,10752
2016,GUACAMAYAS,255,276,221,287,298,278,292,702,2609
2016,GUATEQUE,102,200,110,195,200,220,220,385,1632
2016,GUAYATA,345,400,380,380,600,310,810,950,4175
2016,GUICAN,850,800,800,1300,750,1500,520,1100,7620
2016,IZA,340,170,258,117,218,82,141,1230,2556
2016,IENESANO,455,522,264,553,186,404,167,1358,3909
2016,IERICO,400,600,500,700,600,800,300,700,4600
2016,LA CAPILLA,200,300,300,400,400,500,400,900,3400
2016,LA UVITA,800,750,950,920,800,800,650,800,6470
2016,LA VICTORIA,137,187,165,217,417,478,179,305,2085
2016,LABRANZAGRANDE,2000,1500,1700,2000,2500,2000,1500,1500,14700
2016,MACANAL,420,380,510,580,670,710,850,920,5040
2016,MARIPI,383,440,410,362,220,416,345,1280,3856
2016,MIRAFLORES,1800,1100,1800,1200,2100,1600,1700,3900,15200
2016,MONGUA,420,450,360,370,580,590,280,3100,6150
2016,MONGUI,400,400,100,500,100,600,0,1800,3900
2016,MONIQUIRA,660,990,1450,1300,1460,1650,950,3780,12240
2016,MOTAVITA,500,600,420,750,360,900,80,1600,5210
2016,MUZO,496,482,871,751,1530,589,249,1760,6728
2016,NOBSA,11,0,167,130,22,200,23,820,1373
2016,NUEVO COLON,40,60,30,250,100,100,5,20,605
2016,OICATA,221,692,695,1101,627,421,85,2929,6771
2016,OTANCHE,700,500,3000,1500,3000,2000,400,100,11200
2016,PACHAVITA,400,500,300,300,200,300,300,1200,3500
2016,PAEZ,1064,1480,2290,1900,3331,2400,873,3500,16838
2016,PAIPA,1689,1914,1451,2378,667,1593,229,7440,17361
2016,PAJARITO,1200,1400,1000,1200,1500,987,50,1800,9137
2016,PANQUEBA,340,320,550,500,350,450,150,620,3280
2016,PAUNA,1200,1300,1100,1300,1400,2500,600,1250,10650
2016,PAYA,1200,1300,800,700,1500,1200,600,1700,9000
2016,PAZ DE RIO,180,160,120,180,100,250,50,600,1640
2016,PESCA,200,388,500,711,300,1800,102,220,4221
2016,PISBA,150,250,250,350,500,800,900,1700,4900
2016,PUERTO BOYACA,8924,9700,23615,13938,30216,11725,3018,30162,131298
2016,QUIPAMA,480,465,874,569,1448,574,157,1683,6250
2016,RAMIRIQUI,700,900,800,1100,800,1000,700,1000,7000
2016,RAQUIRA,100,500,100,500,150,650,300,1100,3400
2016,RONDON,930,970,1420,1370,1620,1310,520,1554,9694
2016,SABOYA,1990,1980,1273,2761,692,2928,129,2532,14285
2016,SACHICA,74,28,56,43,68,32,0,0,301
2016,SAMACA,400,150,1200,280,150,1500,80,180,3940
2016,SAN EDUARDO,423,515,134,924,115,895,207,1287,4500
2016,SAN GOSE DE PARE,100,50,50,100,100,200,150,250,1000
2016,SAN LUIS DE GACENO,2693,2527,2853,2734,4785,4773,4980,4850,30195
2016,SAN MATEO,166,269,496,538,90,880,187,1132,3758
2016,SAN MIGUEL DE SEMA,455,1827,614,2017,164,1854,33,8439,15403
2016,SAN PABLO DE BORBUR,1200,1200,140,700,0,2400,120,240,6000
2016,SANTA MARIA,1140,1340,1065,930,2180,1100,780,3220,11755
2016,SANTA ROSA DE VITERBO,550,1100,500,1050,120,580,10,4590,8500
2016,SANTA SOFIA,190,186,286,298,210,370,114,428,2082
2016,SANTANA,305,215,230,143,160,122,125,480,1780
2016,SATIVANORTE,400,300,500,600,450,1200,400,1000,4850
2016,SATIVASUR,60,86,374,100,130,240,20,450,1460
2016,SIACHOQUE,638,652,598,628,399,1746,359,1164,6184
2016,SOATA,400,350,450,320,583,587,250,710,3650
2016,SOCHA,210,250,280,240,100,180,100,800,2160
2016,SOCOTA,730,735,722,564,450,830,340,990,5361
2016,SOGAMOSO,900,650,2335,450,507,711,225,700,6478
2016,SOMONDOCO,310,316,247,246,170,117,512,676,2594
2016,SORA,342,228,114,266,76,684,12,178,1900
2016,SORACA,660,770,770,880,550,800,660,3000,8090
2016,SOTAQUIRA,2425,2530,513,2565,305,3450,605,4550,16943
2016,SUSACON,530,450,600,920,450,700,280,670,4600
2016,SUTAMARCHAN,360,785,165,480,82,1923,95,2720,6610
2016,SUTATENZA,198,238,183,369,178,390,87,350,1993
2016,TASCO,328,530,2191,178,303,498,36,186,4250
2016,TENZA,320,290,300,450,700,330,200,310,2900
2016,TIBANA,540,450,437,697,390,750,420,1630,5314
2016,TIBASOSA,300,700,500,800,350,1000,200,1800,5650
2016,TINGACA,285,329,146,238,58,155,6,899,2116
2016,TIPACOQUE,450,500,300,350,250,400,150,200,2600
2016,TOCA,1100,1458,1010,1480,1100,2350,600,650,9748
2016,TOGUI,300,500,148,280,472,300,200,600,2800
2016,TOPAGA,150,230,98,207,110,205,60,500,1560
2016,TOTA,600,800,500,600,300,600,400,2200,6000
2016,TUNEA,710,427,603,735,417,541,136,3004,6573
2016,TUNUNGUA,130,90,110,50,95,160,70,265,970
2016,TURMEQUE,550,700,850,800,300,800,150,950,5100
2016,TUTA,973,1549,863,1775,530,1684,196,8061,15631
2016,TUTAZA,450,500,350,450,130,300,100,1400,3680
2016,UMBITA,888,909,1889,436,599,1908,159,256,7044
2016,VENTAQUEMADA,1150,2100,800,3100,480,1500,260,5000,14390
2016,VILLA DE LEYVA,392,1349,587,446,385,400,79,708,4346
2016,VIRACACHA,300,700,600,800,400,300,300,2500,5900
2016,ZETAQUIRA,320,350,350,300,400,600,800,1300,4420
2017,ALMEIDA,220,295,180,250,150,280,265,790,2430
2017,AQUITANIA,1017,1040,1629,1091,2263,1255,731,4024,13050
2017,ARCABUCO,940,790,512,905,426,1132,345,1862,6912
2017,BELEN,1650,1250,800,1340,500,4800,80,2200,12620
2017,BERBEO,230,210,685,325,277,295,265,310,2597
2017,BETEITIVA,550,650,100,200,200,200,200,2000,4100
2017,BOAVITA,550,600,800,900,600,600,600,2000,6650
2017,BOYACA,450,175,341,340,235,485,120,710,2856
2017,BRICEÑO,130,190,330,145,120,250,50,930,2145
2017,BUENAVISTA,500,700,1000,1000,800,1350,200,450,6000
2017,BUSBANZA,110,100,100,50,30,80,8,260,738
2017,CALDAS,500,800,300,700,350,750,450,3567,7417
2017,CAMPOHERMOSO,703,830,1130,874,1327,1221,517,2555,9157
2017,CERINZA,63,512,216,703,260,891,86,1815,4546
2017,CHINAVITA,258,254,156,124,1584,1698,1389,1698,7161
2017,CHIQUINQUIRA,445,2683,844,4550,851,3124,70,11811,24378
2017,CHIQUIZA,300,400,500,600,800,900,600,700,4800
2017,CHISCAS,1386,1504,1288,1557,1883,2432,1029,1515,12594
2017,CHITA,500,1320,800,950,800,900,800,1500,7570
2017,CHITARAQUE,762,580,651,341,825,508,403,530,4600
2017,CHIVATA,120,230,150,310,110,490,40,870,2320
2017,CHIVOR,180,190,210,300,310,380,220,420,2210
2017,CIENEGA,230,420,500,700,140,1400,80,1800,5270
2017,COMBITA,360,940,200,700,140,2800,80,2800,8020
2017,COPER,748,672,1198,932,550,1430,115,1760,7405
2017,CORRALES,100,150,150,150,150,100,150,250,1200
2017,COVARACHIA,250,200,300,350,350,450,400,400,2700
2017,CUBARA,984,935,1083,929,1235,1135,399,2928,9628
2017,CUCAITA,120,100,370,70,15,200,7,800,1682
2017,CUITIVA,196,174,503,72,167,127,,76,1315
2017,DUITAMA,180,950,250,900,800,500,400,7300,11280
2017,EL COCUY,1500,1500,1500,1500,1500,1500,2000,3000,14000
2017,EL ESPINO,600,800,500,700,400,600,500,1000,5100
2017,FIRAVITOBA,830,1610,1102,1410,1050,1960,801,1962,10725
2017,FLORESTA,380,650,370,690,140,490,50,1215,3985
2017,GACHANTIVA,410,320,450,320,300,400,200,1100,3500
2017,GAMEZA,680,640,350,370,375,435,115,1240,4205
2017,GARAGOA,860,1150,1247,1472,828,1418,1274,3573,11822
2017,GUACAMAYAS,275,290,230,297,304,293,285,810,2784
2017,GUATEQUE,196,341,308,415,252,378,504,756,3150
2017,GUAYATA,445,472,433,450,950,450,970,1040,5210
2017,GUICAN,870,890,830,1300,770,1510,522,1120,7812
2017,IZA,300,140,330,167,232,95,110,1215,2589
2017,JENESANO,550,750,400,700,350,1000,220,1100,5070
2017,JERICO,350,400,320,470,350,450,350,750,3440
2017,LA CAPILLA,250,300,350,500,350,500,450,900,3600
2017,LA UVITA,580,350,100,300,500,900,830,2590,6150
2017,LA VICTORIA,196,120,240,196,330,240,200,417,1939
2017,LABRANZAGRANDE,2200,1600,1900,2200,2800,2200,2100,1700,16700
2017,MACANAL,599,549,665,881,1031,981,798,1862,7366
2017,MARIPI,578,636,618,572,431,621,549,1522,5527
2017,MIRAFLORES,1572,1595,1283,1078,1459,1437,1024,3981,13429
2017,MONGUA,810,825,785,760,840,780,1088,1670,7558
2017,MONGUI,450,400,550,450,500,800,50,1100,4300
2017,MONIQUIRA,660,990,1450,1300,1460,1650,950,3700,12160
2017,MOTAVITA,450,700,300,900,250,950,100,1500,5150
2017,MUZO,520,510,895,803,1560,706,270,1807,7071
2017,NOBSA,20,120,170,139,20,190,23,810,1492
2017,NUEVO COLON,50,70,45,270,140,135,15,40,765
2017,OICATA,190,710,650,1154,500,485,60,3120,6869
2017,OTANCHE,1000,800,4000,2300,3500,2300,500,150,14550
2017,PACHAVITA,450,550,350,350,250,400,350,1400,4100
2017,PAEZ,3334,3200,2650,3150,2200,2190,2995,2896,22615
2017,PAIPA,1879,2436,1512,2615,715,1749,249,7926,19081
2017,PAJARITO,1350,1400,1050,800,1320,1390,70,1615,8995
2017,PANQUEBA,340,320,550,500,350,450,150,620,3280
2017,PAUNA,1200,1300,1100,1300,1400,2500,600,1250,10650
2017,PAYA,1300,1450,900,850,1600,1320,450,1800,9670
2017,PAZ DE RIO,240,216,163,242,150,304,73,612,2000
2017,PESCA,550,900,650,750,950,2100,1100,5100,12100
2017,PISBA,175,261,255,358,520,818,920,1710,5017
2017,PUERTO BOYACA,9485,9422,26216,17796,36408,14188,3092,32593,149200
2017,QUIPAMA,700,1004,308,260,1126,1146,636,500,5680
2017,RAMIRIQUI,1000,1000,800,1000,1200,1000,1000,3000,10000
2017,RAQUIRA,100,550,100,450,150,800,300,1030,3480
2017,RONDON,940,980,1425,1375,1630,1320,525,1560,9755
2017,SABOYA,1123,1819,1464,2816,841,1844,186,10907,21000
2017,SACHICA,18,6,28,36,113,97,48,64,410
2017,SAMACA,1650,1500,1100,1350,490,1300,320,3500,11210
2017,SAN EDUARDO,450,522,141,932,123,887,260,1294,4609
2017,SAN JOSE DE PARE,110,120,200,110,300,200,485,30,1555
2017,SAN LUIS DE GACENO,2724,2618,2921,2912,4910,4850,5120,4978,31033
2017,SAN MATEO,183,379,556,804,251,1100,187,1648,5108
2017,SAN MIGUEL DE SEMA,455,1821,614,2017,164,1854,33,8439,15397
2017,SAN PABLO DE BORBUR,1200,950,1300,720,130,650,170,2300,7420
2017,SANTA MARIA,957,892,959,930,1479,1496,788,2972,10473
2017,SANTA ROSA DE VITERBO,580,1160,530,1100,130,610,10,4800,8920
2017,SANTA SOFIA,280,260,317,382,280,430,180,650,2779
2017,SANTANA,124,66,131,138,326,213,138,359,1495
2017,SATIVANORTE,400,400,1200,800,600,1200,300,600,5500
2017,SATIVASUR,120,80,156,120,86,287,30,507,1386
2017,SIACHOQUE,1000,1000,1500,1000,1500,1500,2000,500,10000
2017,SOATA,220,350,360,620,430,780,130,210,3100
2017,SOCHA,215,255,287,245,110,183,100,800,2195
2017,SOCOTA,680,690,1300,1150,1000,900,1100,950,7770
2017,SOGAMOSO,982,722,1443,1302,864,690,587,3458,10048
2017,SOMONDOCO,302,307,239,237,165,219,497,658,2624
2017,SORA,50,120,70,150,100,78,53,820,1441
2017,SORACA,1314,1760,1623,1435,1821,2200,256,1423,11832
2017,SOTAQUIRA,2483,2583,552,2667,330,4036,620,4720,17991
2017,SUSACON,700,521,530,512,620,1010,660,931,5484
2017,SUTAMARCHAN,300,320,700,680,200,420,326,654,3600
2017,SUTATENZA,196,243,186,371,166,393,89,358,2002
2017,TASCO,501,930,2191,1270,420,898,235,1020,7465
2017,TENZA,320,290,380,450,900,330,200,310,3180
2017,TIBANA,960,1130,1150,1250,840,980,1832,2245,10387
2017,TIBASOSA,320,55,420,865,183,287,55,2492,4677
2017,TINJACA,290,231,141,240,58,161,7,890,2018
2017,TIPACOQUE,40,30,35,25,40,100,42,18,330
2017,TOCA,1300,1850,1200,1650,1000,2800,900,2500,13200
2017,TOGUI,120,200,480,184,200,400,40,1176,2800
2017,TOPAGA,212,218,180,153,240,230,160,500,1893
2017,TOTA,1000,1200,600,800,350,650,400,2000,7000
2017,TUNJA,718,431,609,741,421,546,143,3011,6620
2017,TUNUNGUA,110,80,115,40,90,150,60,240,885
2017,TURMEQUE,900,1550,820,1850,500,1950,310,2050,9930
2017,TUTA,1200,1560,980,1880,850,1800,180,8500,16950
2017,TUTAZA,600,700,700,400,800,2700,400,1200,7500
2017,UMBITA,888,909,1884,436,599,965,181,506,6368
2017,VENTAQUEMADA,2290,1300,920,3300,520,1600,200,4820,14950
2017,VILLA DE LEYVA,256,610,150,650,80,100,950,1300,4096
2017,VIRACACHA,300,700,600,800,400,300,300,2500,5900
2017,ZETAQUIRA,500,500,500,500,3000,1200,1000,3800,11000
2018,ALMEIDA,230,300,190,250,225,230,295,740,2460
2018,AQUITANIA,1886,2080,2418,1803,2632,1992,888,4195,17894
2018,ARCABUCO,866,1250,1053,1231,982,905,219,3489,9995
2018,BELEN,1650,1270,800,1380,500,4800,75,2200,12675
2018,BERBEO,388,377,421,359,513,442,169,1175,3844
2018,BETEITIVA,451,583,385,424,134,139,21,1363,3500
2018,BOAVITA,600,700,800,1000,600,600,600,2000,6900
2018,BOYACA,687,766,610,608,262,473,185,2054,5645
2018,BRICEÑO,380,343,392,440,296,324,35,968,3178
2018,BUENAVISTA,550,750,1000,1000,800,1400,200,500,6200
2018,BUSBANZA,120,130,80,60,45,100,10,250,795
2018,CALDAS,296,803,322,1281,125,450,130,4650,8057
2018,CAMPOHERMOSO,1774,2119,1982,1890,1935,2461,944,5726,18831
2018,CERINZA,261,572,279,741,586,1462,174,1723,5798
2018,CHINAVITA,350,280,230,210,1684,1745,2356,2457,9312
2018,CHIQUINQUIRA,1135,4965,1136,4036,717,4482,51,14476,30998
2018,CHIQUIZA,300,500,400,600,800,1000,600,800,5000
2018,CHISCAS,1301,1320,1782,1522,1658,1285,1365,2659,12892
2018,CHITA,1200,1200,750,750,800,800,3000,3000,11500
2018,CHITARAQUE,569,530,470,410,331,482,474,514,3780
2018,CHIVATA,589,342,282,478,68,522,32,782,3095
2018,CHIVOR,450,380,370,450,370,540,460,570,3590
2018,CIENEGA,235,430,510,710,150,1500,90,1900,5525
2018,COMBITA,1374,2074,884,1280,443,1147,106,5521,12829
2018,COPER,680,530,1820,1160,620,830,320,890,6850
2018,CORRALES,231,92,164,121,75,87,3,510,1283
2018,COVARACHIA,280,170,330,300,400,380,450,400,2710
2018,CUBARA,1175,1104,1204,910,1283,1053,567,3183,10479
2018,CUCAITA,80,100,240,209,290,460,160,400,1939
2018,CUITIVA,227,208,253,324,159,140,6,733,2050
2018,DUITAMA,190,1000,250,950,500,800,300,8000,11990
2018,EL COCUY,1500,1500,1500,1500,1500,1500,2000,3000,14000
2018,EL ESPINO,850,1000,700,900,600,800,500,1200,6550
2018,FIRAVITOBA,794,631,689,1600,322,2319,286,4114,10755
2018,FLORESTA,520,780,488,800,280,580,35,2520,6003
2018,GACHANTIVA,464,567,700,584,587,642,100,1387,5031
2018,GAMEZA,720,680,420,745,385,1330,218,2374,6872
2018,GARAGOA,1254,1026,1349,1104,1226,1839,2731,4095,14624
2018,GUACAMAYAS,295,308,246,295,308,303,290,832,2877
2018,GUATEQUE,385,406,368,519,518,588,87,977,3848
2018,GUAYATA,578,614,562,585,1235,580,1261,1352,6767
2018,GUICAN,850,820,830,1300,750,1500,520,1100,7670
2018,IZA,280,170,302,185,240,90,103,1230,2600
2018,JENESANO,720,840,470,730,400,1100,300,1200,5760
2018,JERICO,450,350,350,470,350,450,400,750,3570
2018,LA CAPILLA,300,300,400,600,400,600,500,1000,4100
2018,LA UVITA,1000,1000,1224,1350,1000,1350,950,1450,9324
2018,LA VICTORIA,500,350,100,100,600,300,100,400,2450
2018,LABRANZAGRANDE,2000,1450,1700,2000,2550,1900,2300,1400,15300
2018,MACANAL,731,805,847,936,827,957,929,1989,8021
2018,MARIPI,610,674,624,614,528,646,568,1608,5872
2018,MIRAFLORES,1890,1930,1678,1426,2382,2578,1235,4468,17587
2018,MONGUA,430,470,360,390,590,610,270,3820,6940
2018,MONGUI,600,500,400,500,150,700,,1000,3850
2018,MONIQUIRA,1297,1391,1444,1484,925,1459,354,3636,11990
2018,MOTAVITA,1072,1023,770,861,216,584,21,3029,7576
2018,MUZO,490,503,940,805,1700,590,270,1850,7148
2018,NOBSA,30,125,180,145,25,200,28,850,1583
2018,NUEVO COLON,156,249,193,308,170,270,65,848,2259
2018,OICATA,180,690,260,650,120,850,50,2000,4800
2018,OTANCHE,1380,1397,1996,1790,2221,1932,842,4162,15720
2018,PACHAVITA,550,600,500,450,600,500,400,1600,5200
2018,PAEZ,3028,2980,2445,2954,2011,1995,2780,2692,20885
2018,PAIPA,2020,2390,1950,2980,1020,2100,420,7500,20380
2018,PAJARITO,815,1153,736,692,1324,1295,598,1286,7899
2018,PANQUEBA,300,300,500,480,300,410,100,600,2990
2018,PAUNA,1150,1320,1210,1340,1380,2600,625,1150,10775
2018,PAYA,1100,1200,900,850,1450,1200,700,1900,9300
2018,PAZ DE RIO,301,336,278,202,270,206,135,919,2647
2018,PESCA,1407,1692,1352,1344,759,1653,117,5203,13527
2018,PISBA,195,278,273,365,550,854,1050,1895,5460
2018,PUERTO BOYACA,9631,9794,18293,26754,14524,37403,33329,3157,152885
2018,QUIPAMA,344,740,500,1500,400,1600,150,800,6034
2018,RAMIRIQUI,1300,1500,1000,1200,1500,1300,1000,3500,12300
2018,RAQUIRA,240,490,290,650,170,560,80,1550,4030
2018,RONDON,1023,630,1005,702,838,535,220,2000,6953
2018,SABOYA,2178,4148,1788,3162,988,2811,113,12156,27344
2018,SACHICA,69,17,166,63,48,27,7,37,434
2018,SAMACA,761,588,353,408,1073,1981,977,3257,9398
2018,SAN EDUARDO,430,515,170,921,182,892,240,1301,4651
2018,SAN JOSE DE PARE,132,144,240,132,360,240,582,36,1866
2018,SAN LUIS DE GACENO,3145,3530,4778,3463,5561,4468,2070,10118,37133
2018,SAN MATEO,412,790,675,1675,580,1850,533,887,7402
2018,SAN MIGUEL DE SEMA,548,3114,462,2133,430,2269,10,10449,19415
2018,SAN PABLO DE BORBUR,1200,950,1300,720,130,650,170,2300,7420
2018,SANTA MARIA,1301,1412,1417,1393,1878,1692,1045,4086,14224
2018,SANTA ROSA DE VITERBO,734,1470,671,1394,165,773,13,6080,11300
2018,SANTA SOFIA,380,330,390,385,350,430,250,690,3205
2018,SANTANA,132,148,159,162,347,171,47,586,1752
2018,SATIVANORTE,400,400,1200,800,600,1200,300,600,5500
2018,SATIVASUR,323,95,278,211,185,88,25,600,1805
2018,SIACHOQUE,1719,1834,984,1195,382,1285,55,4222,11676
2018,SOATA,325,422,396,648,422,796,183,184,3376
2018,SOCHA,550,700,300,750,650,1100,150,850,5050
2018,SOCOTA,900,1000,2000,1050,850,1000,700,1100,8600
2018,SOGAMOSO,1580,1656,1806,1478,1089,1138,121,4308,13176
2018,SOMONDOCO,311,316,246,244,170,226,512,678,2703
2018,SORA,60,130,85,175,90,940,63,930,2473
2018,SORACA,1049,1145,883,901,203,1251,29,2781,8242
2018,SOTAQUIRA,1597,2985,1290,2511,645,3132,553,5712,18425
2018,SUSACON,718,489,679,686,761,310,290,1970,5903
2018,SUTAMARCHAN,435,664,767,598,339,807,11,652,4273
2018,SUTATENZA,221,261,195,388,171,417,94,374,2121
2018,TASCO,330,550,2195,220,303,510,36,1900,6044
2018,TENZA,592,566,592,627,628,485,228,1607,5325
2018,TIBANA,1072,1227,1154,1103,811,1355,220,2846,9788
2018,TIBASOSA,657,1213,665,895,250,1218,54,2513,7465
2018,TINJACA,313,439,460,466,168,336,7,1165,3354
2018,TIPACOQUE,314,359,412,278,327,353,269,1068,3380
2018,TOCA,1676,1950,1055,1905,904,1119,229,7073,15911
2018,TOGUI,600,400,180,370,100,200,100,800,2750
2018,TOPAGA,190,230,120,207,170,205,80,620,1822
2018,TOTA,1383,1318,948,1066,465,882,117,3841,10020
2018,TUNJA,725,434,614,743,426,549,146,3014,6651
2018,TUNUNGUA,106,87,122,49,98,146,68,230,906
2018,TURMEQUE,1036,896,910,1177,372,357,12,3232,7992
2018,TUTA,2500,3000,1200,2100,850,1850,200,8800,20500
2018,TUTAZA,1000,1000,900,980,100,900,50,2500,7430
2018,UMBITA,1664,1654,1171,1370,480,848,53,4117,11357
2018,VENTAQUEMADA,2099,3453,1960,2596,1300,2776,214,9903,24301
2018,VILLA DE LEYVA,256,610,150,650,80,100,950,1300,4096
2018,VIRACACHA,1036,1060,677,567,245,713,8,2669,6975
2018,ZETAQUIRA,1074,994,944,836,956,1074,382,2784,9044
2019,Almeida,287,286,284,250,224,191,124,789,2435
2019,Aquitania,1886,2080,2418,1803,2632,1992,888,4195,17894
2019,Arcabuco,1121,1256,913,1285,863,818,337,4056,10649
2019,Belén,1197,1842,1006,1617,562,1039,88,6353,13704
2019,Berbeo,538,436,417,339,413,394,175,1222,3934
2019,Betéitiva,470,575,413,415,164,444,47,1084,3612
2019,Boavita,983,977,797,800,693,708,363,2291,7612
2019,Boyacá,703,884,527,529,315,559,107,1960,5584
2019,Briceño,276,319,364,405,260,361,7,853,2845
2019,Buenavista,606,849,679,694,614,450,292,2469,6653
2019,Busbanzá,145,178,185,94,26,122,0,233,983
2019,Caldas,668,1827,491,1363,301,1098,21,5731,11500
2019,Campohermoso,1774,2119,1982,1890,1935,2461,944,5726,18831
2019,Cerinza,575,910,425,709,135,885,27,2914,6580
2019,Chinavita,615,710,768,674,1136,747,387,1989,7026
2019,Chiquinquirá,1252,5484,989,3939,775,4428,164,15663,32694
2019,Chíquiza,783,586,323,309,286,179,22,2783,5271
2019,Chiscas,1637,1483,1447,1047,1728,1024,983,4018,13367
2019,Chita,1251,1361,1344,1022,1548,1158,368,2298,10350
2019,Chitaraque,287,334,510,528,468,567,144,964,3802
2019,Chivatá,423,548,254,406,144,90,2,1339,3206
2019,Chivor,236,265,317,413,377,406,124,773,2911
2019,Ciénega,1027,999,454,376,390,163,16,2914,6339
2019,Cómbita,1292,2136,841,1021,336,828,11,4858,11323
2019,Coper,734,600,1017,804,1046,612,200,1863,6876
2019,Corrales,179,161,91,134,111,19,30,465,1190
2019,Covarachía,257,320,208,246,182,321,276,679,2489
2019,Cubará,1147,1083,1164,884,1249,1014,560,3135,10236
2019,Cucaita,476,444,254,245,239,693,42,404,2797
2019,Cuítiva,340,416,542,419,99,169,4,1279,3268
2019,Duitama,1210,2122,892,1775,644,1401,123,5657,13824
2019,El Cocuy,1441,1844,1651,1318,1818,1822,809,2636,13339
2019,El Espino,720,775,795,690,752,714,300,1565,6311
2019,Firavitoba,955,1453,715,1424,400,746,68,5633,11394
2019,Floresta,678,896,513,947,158,599,33,2387,6211
2019,Gachantivá,560,637,646,625,583,603,153,1541,5348
2019,Gámeza,1192,853,790,683,415,224,54,3133,7344
2019,Garagoa,1571,1586,1595,1472,1615,1584,874,4368,14665
2019,Guacamayas,565,494,462,414,586,310,246,1353,4430
2019,Guateque,387,406,471,487,465,566,74,1134,3990
2019,Guayatá,645,577,699,570,1332,742,230,1738,6533
2019,Guicán,1205,1441,1081,1067,1037,1404,293,2223,9751
2019,Iza,194,477,185,299,95,455,13,1796,3514
2019,Jenesano,814,1032,505,642,309,691,30,2553,6576
2019,Jericó,447,421,528,335,353,404,198,922,3608
2019,La Capilla,400,406,745,561,601,457,207,1079,4456
2019,La Uvita,1229,1422,1208,900,1196,1301,501,2260,10017
2019,La Victoria,141,238,546,354,531,123,28,494,2455
2019,Labranzagrande,1316,1545,1739,1217,2296,1507,1560,3872,15052
2019,Macanal,994,928,981,937,1147,996,472,2544,8999
2019,Maripí,419,506,888,856,988,496,240,1799,6192
2019,Miraflores,1975,2234,2062,1674,1808,1831,856,5131,17571
2019,Mongua,1028,847,716,529,738,1061,120,2805,7844
2019,Moniquirá,1424,1481,1690,1634,904,1590,373,3922,13018
2019,Motavita,1116,951,588,543,230,390,27,3005,6850
2019,Muzo,623,799,1030,841,1277,1054,159,1669,7452
2019,Nobsa,171,273,191,199,69,141,12,875,1931
2019,Nuevo Colón,355,413,249,365,216,338,40,1269,3245
2019,Oicatá,452,893,540,860,223,393,109,2854,6324
2019,Otanche,1565,1553,2196,1909,2372,2204,894,4781,17474
2019,Pachavita,515,571,641,643,609,580,179,1395,5133
2019,Páez,1608,1893,1990,1745,2431,2199,1417,5989,19272
2019,Paipa,2582,3274,2242,2776,1053,2268,130,8650,22975
2019,Pajarito,623,641,1241,555,1911,792,926,2070,8759
2019,Panqueba,361,433,419,320,476,345,226,918,3498
2019,Pauna,601,769,931,1042,917,1255,355,2607,8477
2019,Paya,842,1024,865,846,770,826,447,2718,8338
2019,Paz de Rio,374,385,302,239,249,257,61,860,2727
2019,Pesca,1464,1400,1223,1133,654,902,147,5336,12259
2019,Pisba,424,420,478,399,285,468,137,1179,3790
2019,Puerto Boyacá,11278,11828,27768,17289,30911,14055,5282,34092,152503
2019,Quípama,447,708,1100,838,914,793,157,1461,6418
2019,Ramiriquí,1334,1152,727,807,667,625,367,3545,9224
2019,Ráquira,434,671,536,596,460,682,132,1884,5395
2019,Rondón,670,665,588,304,911,509,287,1483,5417
2019,Saboyá,2132,4284,1951,3130,960,4402,141,11081,28081
2019,Sáchica,137,35,189,48,54,53,1,42,559
2019,Samacá,654,625,799,772,852,818,481,4481,9482
2019,San Eduardo,678,664,679,615,592,610,400,1815,6053
2019,San José de Pare,157,175,317,297,113,151,77,560,1847
2019,San Luis de Gaceno,3868,4103,4712,3822,5738,4602,2721,10771,40337
2019,San Mateo,948,1210,968,832,950,1514,189,1261,7872
2019,San Miguel de Sema,411,3199,593,2322,179,2158,85,11349,20296
2019,San Pablo de Borbur,767,751,1136,920,1461,987,283,2531,8836
2019,Santa María,1382,1556,1481,1453,1637,1664,991,3873,14037
2019,Santa Rosa de Viterbo,972,1549,736,1149,257,798,35,5001,10497
2019,Santa Sofía,504,335,804,511,602,605,161,1139,4661
2019,Santana,206,166,184,165,220,163,86,604,1794
2019,Sativanorte,594,352,553,391,428,297,51,1343,4009
2019,Sativasur,261,252,296,172,157,141,25,520,1824
2019,Siachoque,1657,1649,729,895,362,678,44,4529,10543
2019,Soatá,370,449,477,421,410,405,216,1017,3765
2019,Socha,715,742,501,524,316,442,100,1673,5013
2019,Socotá,1143,1070,1281,824,1121,889,228,2553,9109
2019,Sogamoso,1891,1634,1694,1699,880,705,85,4903,13491
2019,Somondoco,580,615,421,426,498,508,195,1407,4650
2019,Sora,372,453,191,209,50,146,1,1057,2479
2019,Soracá,1031,1144,794,671,308,576,60,3236,7820
2019,Sotaquirá,1403,3070,1126,2357,520,2717,126,8014,19333
2019,Susacón,837,587,774,712,720,329,284,2092,6335
2019,Sutamarchán,499,590,795,433,209,517,8,1062,4113
2019,Sutatenza,491,522,376,451,209,408,97,1118,3672
2019,Tasco,1309,1060,935,884,615,852,158,3689,9502
2019,Tenza,602,565,606,555,562,455,216,1651,5212
2019,Tibaná,966,975,870,926,752,944,145,2865,8443
2019,Tibasosa,802,1444,580,673,310,557,60,3556,7982
2019,Tinjacá,350,443,495,401,189,263,23,1341,3505
2019,Tipacoque,471,438,353,311,389,356,332,1242,3892
2019,Toca,1624,1975,903,1626,582,934,141,6707,14492
2019,Togüí,390,171,345,406,169,333,73,912,2799
2019,Tópaga,307,262,133,116,78,129,13,759,1797
2019,Tota,1317,1463,947,1057,417,549,262,4000,10012
2019,Tunja,1229,1342,904,787,648,864,300,3145,9219
2019,Tununguá,73,95,155,74,143,92,6,233,871
2019,Turmequé,1026,766,737,1146,391,211,4,3217,7498
2019,Tuta,2065,3253,1409,2302,1150,3049,251,11121,24600
2019,Tutazá,1032,1154,877,789,356,1341,55,1929,7533
2019,Úmbita,1566,1256,1000,1143,490,581,53,4138,10227
2019,Ventaquemada,2359,3319,1725,2080,1056,3072,193,9536,23340
2019,Villa de Leiva,598,635,966,610,503,632,82,792,4818
2019,Viracachá,1085,899,524,413,189,474,14,2763,6361
2019,Zetaquirá,1103,960,1031,910,962,910,328,2636,8840
2019,Monguí,519,761,419,526,266,936,40,723,4190
2020,Tunja,1514,1533,1379,1183,734,1441,301,3161,11246
2020,Almeida,293,259,310,297,244,256,144,764,2567
2020,Aquitania,2175,2071,2704,1978,2502,1870,758,4547,18605
2020,Arcabuco,1030,1301,1237,1324,783,799,222,4369,11065
2020,Belén,1157,1985,1176,1714,701,1347,73,6969,15122
2020,Berbeo,539,452,402,380,473,367,179,1123,3915
2020,Betéitiva,512,466,440,365,163,228,16,1244,3434
2020,Boavita,859,1011,940,1016,549,606,383,2417,7781
2020,Boyacá,740,785,614,624,283,315,80,1923,5364
2020,Briceño,232,330,283,401,215,437,86,926,2910
2020,Buenavista,686,965,917,935,556,604,98,2180,6941
2020,Busbanzá,186,134,186,120,52,98,0,281,1057
2020,Caldas,557,1786,608,1556,198,1659,16,4867,11247
2020,Campohermoso,1699,2043,2347,2033,1872,2279,854,5014,18141
2020,Cerinza,478,803,399,775,207,642,63,2980,6347
2020,Chinavita,856,800,784,777,993,758,445,2057,7470
2020,Chiquinquirá,907,5052,1240,4466,605,5243,34,14798,32345
2020,Chiscas,1496,1630,1740,1203,1625,1199,753,3775,13421
2020,Chita,1428,1336,1473,1268,1450,1148,535,2923,11561
2020,Chitaraque,385,267,584,548,775,547,352,1286,4744
2020,Chivatá,439,636,404,414,104,84,1,1384,3466
2020,Ciénega,1218,1311,774,588,456,254,36,3533,8170
2020,Cómbita,1583,2009,1311,1866,544,1724,59,5861,14957
2020,Coper,758,597,830,832,1252,707,356,1856,7188
2020,Corrales,109,154,180,134,120,94,44,401,1236
2020,Covarachía,303,363,204,253,181,299,302,824,2729
2020,Cubará,1259,1141,1429,1028,1341,974,466,3138,10776
2020,Cucaita,314,297,580,392,168,398,16,778,2943
2020,Cuítiva,279,295,524,492,156,137,54,1361,3298
2020,Chíquiza,915,603,538,454,396,461,63,3578,7008
2020,Chivor,263,303,427,452,388,344,187,957,3321
2020,Duitama,1261,2182,1216,1836,586,990,136,5989,14196
2020,El Cocuy,1419,1879,1811,1395,1554,1613,713,2679,13063
2020,El Espino,888,819,847,848,591,669,286,1724,6672
2020,Firavitoba,952,1860,889,1435,370,1108,113,5761,12488
2020,Floresta,846,882,551,1131,219,586,18,2492,6725
2020,Gachantivá,506,602,566,528,507,557,140,1613,5019
2020,Gámeza,1204,743,647,665,414,183,50,3340,7246
2020,Garagoa,1463,1556,1750,1739,1560,1490,561,4087,14206
2020,Guacamayas,559,599,500,453,489,379,179,1359,4517
2020,Guateque,292,375,369,572,413,540,94,926,3581
2020,Guayatá,723,670,963,746,1350,907,229,1587,7175
2020,Guicán,1110,1479,1111,936,750,1121,326,2426,9259
2020,Iza,124,375,152,568,64,401,3,1486,3173
2020,Jenesano,786,984,666,782,334,626,140,3076,7394
2020,Jericó,498,470,638,391,491,431,158,1156,4233
2020,Labranzagrande,1713,2060,1974,1245,2338,1523,1480,4302,16635
2020,La Capilla,408,372,685,561,555,446,150,980,4157
2020,La Victoria,102,197,446,230,598,232,92,561,2458
2020,La Uvita,1097,1621,1410,897,969,1224,418,2271,9907
2020,Villa de Leiva,503,556,614,589,568,588,119,974,4511
2020,Macanal,1125,1054,1379,1182,1133,1025,505,2889,10292
2020,Maripí,366,307,569,522,691,569,228,1391,4643
2020,Miraflores,1777,2047,2486,2240,1739,1783,741,4817,17630
2020,Mongua,1135,928,1048,819,820,782,106,3278,8916
2020,Monguí,661,839,344,438,214,623,29,1265,4413
2020,Moniquirá,1345,1740,1558,1663,1025,1692,386,4034,13443
2020,Motavita,1185,1185,873,951,209,387,17,3382,8189
2020,Muzo,643,656,1035,938,1233,611,195,2046,7357
2020,Nobsa,202,313,212,278,87,245,3,765,2105
2020,Nuevo Colón,295,386,368,543,164,264,10,1388,3418
2020,Oicatá,534,1027,689,828,95,571,63,3038,6845
2020,Otanche,1588,1736,2113,2051,1818,1764,686,4599,16355
2020,Pachavita,555,630,686,632,587,551,272,1536,5449
2020,Páez,1846,2014,2313,1962,2238,2118,1042,5753,19286
2020,Paipa,2768,3899,2454,2945,1347,2626,147,9437,25623
2020,Pajarito,723,679,1060,711,1757,799,794,2047,8570
2020,Panqueba,415,449,432,408,469,350,219,940,3682
2020,Pauna,749,1096,1203,1869,1148,1606,536,2671,10878
2020,Paya,869,1099,862,907,771,829,336,2510,8183
2020,Paz de Rio,346,401,514,382,330,534,55,565,3127
2020,Pesca,1707,1889,1351,1669,982,552,103,6471,14724
2020,Pisba,449,556,565,485,365,521,212,1395,4548
2020,Puerto Boyacá,11327,11742,27703,17920,29805,13226,5882,33930,151535
2020,Quípama,468,662,853,658,1100,486,354,1802,6383
2020,Ramiriquí,1393,1301,792,825,672,830,203,3648,9664
2020,Ráquira,369,594,632,675,420,326,89,2058,5163
2020,Rondón,850,779,1165,873,976,623,199,2041,7506
2020,Saboyá,2009,3711,1904,3157,787,2211,80,13767,27626
2020,Sáchica,105,31,209,60,54,33,3,37,532
2020,Samacá,1239,997,1328,913,651,818,137,3464,9547
2020,San Eduardo,702,646,645,602,595,479,220,1714,5603
2020,San José de Pare,122,210,200,205,160,285,88,649,1919
2020,San Luis de Gaceno,3681,4318,4899,3861,5330,4010,2178,9597,37874
2020,San Mateo,889,1274,1102,1016,728,1299,289,1548,8145
2020,San Miguel de Sema,370,3463,508,2649,425,2350,14,11389,21168
2020,San Pablo de Borbur,848,899,877,812,1048,1075,332,2421,8312
2020,Santana,203,142,120,315,182,144,26,441,1573
2020,Santa María,1415,1548,1465,1388,1591,1604,840,3763,13614
2020,Santa Rosa de Viterbo,911,1397,856,1663,311,1054,23,4845,11060
2020,Santa Sofía,469,419,827,666,386,618,112,981,4478
2020,Sativanorte,549,570,590,526,526,536,83,1016,4396
2020,Sativasur,219,255,347,249,170,180,49,473,1942
2020,Siachoque,1812,1817,1512,1173,398,668,32,5401,12813
2020,Soatá,454,396,578,489,413,505,211,1016,4062
2020,Socotá,1367,1176,1540,961,922,816,274,2607,9663
2020,Socha,678,721,549,501,326,342,98,1809,5024
2020,Sogamoso,2214,1813,1879,1956,803,630,32,5103,14430
2020,Somondoco,592,558,524,519,356,437,151,1391,4528
2020,Sora,604,309,329,269,92,83,5,1447,3138
2020,Sotaquirá,1450,3567,1426,2589,509,2267,130,9806,21744
2020,Soracá,1081,1156,945,949,276,445,49,3729,8630
2020,Susacón,878,672,784,741,644,502,225,2095,6541
2020,Sutamarchán,580,577,842,628,601,389,27,1540,5184
2020,Sutatenza,444,451,413,506,270,459,115,1057,3715
2020,Tasco,1432,1189,1130,1173,614,550,145,3694,9927
2020,Tenza,557,551,695,615,595,529,230,1740,5512
2020,Tibaná,1206,1270,1174,1298,750,980,237,3496,10411
2020,Tibasosa,1071,1505,791,1246,310,729,47,3646,9345
2020,Tinjacá,342,427,397,447,263,163,14,1311,3364
2020,Tipacoque,467,516,448,398,324,388,278,1254,4073
2020,Toca,1684,1758,931,2118,723,1799,476,6209,15698
2020,Togüí,295,437,238,360,141,370,98,837,2776
2020,Tópaga,235,200,246,140,92,164,16,747,1840
2020,Tota,1672,1631,1092,1196,403,592,10,4055,10651
2020,Tununguá,57,59,101,59,193,64,47,239,819
2020,Turmequé,1044,939,896,1299,514,405,99,3776,8972
2020,Tuta,2469,3630,2111,2956,1251,2565,483,10946,26411
2020,Tutazá,1028,1204,676,698,496,1407,65,1612,7186
2020,Úmbita,2092,2055,1215,1512,488,671,65,5395,13493
2020,Ventaquemada,2430,3196,2117,2391,1072,2195,302,11242,24945
2020,Viracachá,1133,981,599,467,263,434,10,3214,7101
2020,Zetaquirá,1283,1334,1180,1202,1057,1172,395,2486,10109
