{"id": "egc4-d24i", "name": "Road Weather Information Stations", "attribution": "City of Seattle", "averageRating": 0, "category": "Public Safety", "createdAt": 1393946662, "description": "This data is derived from sensor stations placed on bridges and surface streets within city limits.  Each station has a temperature sensor that measures the temperature of the street surface and a sensor that measures the ambient air temperature at the station each second.  Those values are averaged into temperature readings that are recorded by the station every minute.  The dataset is updated every hour with new data. Only 2 days of data is stored in the dataset.", "displayType": "table", "downloadCount": 21546, "hideFromCatalog": false, "hideFromDataJson": false, "indexUpdatedAt": 1566416474, "licenseId": "PUBLIC_DOMAIN", "newBackend": true, "numberOfComments": 0, "oid": 32196492, "provenance": "official", "publicationAppendEnabled": true, "publicationDate": 1566416503, "publicationGroup": 1497217, "publicationStage": "published", "rowsUpdatedAt": 1599899353, "rowsUpdatedBy": "pfbu-yuv5", "tableId": 16453448, "totalTimesRated": 0, "viewCount": 201249, "viewLastModified": 1590007808, "viewType": "tabular", "approvals": [{"reviewedAt": 1400516985, "reviewedAutomatically": true, "state": "approved", "submissionId": 1091139, "submissionObject": "public_audience_request", "submissionOutcome": "change_audience", "submittedAt": 1400516985, "workflowId": 623, "submissionDetails": {"permissionType": "READ"}, "submissionOutcomeApplication": {"failureCount": 0, "status": "success"}, "submitter": {"id": "cq6b-km4i", "displayName": "Road Weather"}}], "columns": [{"id": 424440148, "name": "StationName", "dataTypeName": "text", "description": "Name of the station including location description.", "fieldName": "stationname", "position": 1, "renderTypeName": "text", "tableColumnId": 18423030, "width": 232, "cachedContents": {"non_null": "957492", "largest": "RooseveltWay_NE80thSt", "null": "0", "top": [{"item": "NE45StViaduct", "count": "162930"}, {"item": "RooseveltWay_NE80thSt", "count": "162792"}, {"item": "35thAveSW_SWMyrtleSt", "count": "162736"}, {"item": "AlbroPlaceAirportWay", "count": "157776"}, {"item": "AuroraBridge", "count": "157403"}, {"item": "MagnoliaBridge", "count": "153855"}], "not_null": "22503", "smallest": "35thAveSW_SWMyrtleSt", "cardinality": "6"}, "format": {}}, {"id": 424440154, "name": "StationLocation", "dataTypeName": "point", "description": "Latitude and longitude of the station.", "fieldName": "stationlocation", "position": 2, "renderTypeName": "point", "tableColumnId": 86231159, "width": 280, "cachedContents": {"non_null": "952492", "null": "0", "top": [{"item": {"coordinates": [-122.301929, 47.66127], "type": "Point"}, "count": "162101"}, {"item": {"coordinates": [-122.31765, 47.692098], "type": "Point"}, "count": "161962"}, {"item": {"coordinates": [-122.37658, 47.53918], "type": "Point"}, "count": "161903"}, {"item": {"coordinates": [-122.314114, 47.547426], "type": "Point"}, "count": "156933"}, {"item": {"coordinates": [-122.347278, 47.643174], "type": "Point"}, "count": "156578"}, {"item": {"coordinates": [-122.387341, 47.633454], "type": "Point"}, "count": "153015"}], "not_null": "22503", "cardinality": "6"}, "format": {}}, {"id": 424440150, "name": "DateTime", "dataTypeName": "calendar_date", "description": "Date and time of the temperature readings.", "fieldName": "datetime", "position": 7, "renderTypeName": "calendar_date", "tableColumnId": 18423032, "width": 196, "cachedContents": {"non_null": "952492", "largest": "2020-09-11T15:10:00.000", "null": "0", "top": [{"item": "2020-07-23T01:29:00.000", "count": "13"}, {"item": "2020-08-03T19:50:00.000", "count": "13"}, {"item": "2020-08-09T20:49:00.000", "count": "13"}, {"item": "2020-09-09T11:49:00.000", "count": "13"}, {"item": "2020-07-20T18:46:00.000", "count": "13"}, {"item": "2020-08-19T11:39:00.000", "count": "13"}, {"item": "2020-08-19T23:30:00.000", "count": "13"}, {"item": "2020-08-03T19:59:00.000", "count": "13"}, {"item": "2020-08-03T19:48:00.000", "count": "13"}, {"item": "2020-07-26T16:08:00.000", "count": "13"}, {"item": "2020-07-20T18:48:00.000", "count": "13"}, {"item": "2020-07-19T18:47:00.000", "count": "13"}, {"item": "2020-08-28T22:10:00.000", "count": "13"}, {"item": "2020-07-26T20:58:00.000", "count": "13"}, {"item": "2020-08-09T20:48:00.000", "count": "13"}, {"item": "2020-08-26T20:47:00.000", "count": "13"}, {"item": "2020-07-23T01:28:00.000", "count": "13"}, {"item": "2020-09-09T11:46:00.000", "count": "13"}, {"item": "2020-07-26T16:09:00.000", "count": "13"}, {"item": "2020-08-26T20:48:00.000", "count": "13"}], "not_null": "22503", "smallest": "2020-06-28T11:36:00.000", "cardinality": "108185"}, "format": {}}, {"id": 424440151, "name": "RecordId", "dataTypeName": "number", "description": "System unique identifier.", "fieldName": "recordid", "position": 8, "renderTypeName": "number", "tableColumnId": 18423033, "width": 196, "cachedContents": {"non_null": "952492", "largest": "4111519", "null": "0", "top": [{"item": "4028421", "count": "8"}, {"item": "4022385", "count": "8"}, {"item": "4015326", "count": "8"}, {"item": "4021901", "count": "8"}, {"item": "4016336", "count": "8"}, {"item": "4025685", "count": "8"}, {"item": "4023091", "count": "8"}, {"item": "4019015", "count": "8"}, {"item": "4024051", "count": "8"}, {"item": "4015306", "count": "8"}, {"item": "4018005", "count": "8"}, {"item": "4039846", "count": "8"}, {"item": "4032714", "count": "8"}, {"item": "4027381", "count": "8"}, {"item": "4021911", "count": "8"}, {"item": "4025595", "count": "8"}, {"item": "4018026", "count": "8"}, {"item": "4031575", "count": "8"}, {"item": "4022961", "count": "8"}, {"item": "4021861", "count": "8"}], "not_null": "22503", "smallest": "861869", "cardinality": "387401"}, "format": {"noCommas": "true"}}, {"id": 424440152, "name": "RoadSurfaceTemperature", "dataTypeName": "number", "description": "Temperature of the road surface in degrees Fahrenheit.", "fieldName": "roadsurfacetemperature", "position": 9, "renderTypeName": "number", "tableColumnId": 18423034, "width": 364, "cachedContents": {"non_null": "952492", "largest": "119.00", "null": "0", "top": [{"item": "80.10", "count": "2377"}, {"item": "80.30", "count": "2374"}, {"item": "80.20", "count": "2327"}, {"item": "80.50", "count": "2242"}, {"item": "80.40", "count": "2221"}, {"item": "80.60", "count": "2089"}, {"item": "80.70", "count": "2011"}, {"item": "81.00", "count": "1953"}, {"item": "80.80", "count": "1940"}, {"item": "80.90", "count": "1875"}, {"item": "81.70", "count": "1825"}, {"item": "81.20", "count": "1820"}, {"item": "81.10", "count": "1811"}, {"item": "81.90", "count": "1810"}, {"item": "81.80", "count": "1775"}, {"item": "81.50", "count": "1767"}, {"item": "82.10", "count": "1764"}, {"item": "82.00", "count": "1761"}, {"item": "81.30", "count": "1758"}, {"item": "82.70", "count": "1718"}], "not_null": "22503", "smallest": "-4.25", "cardinality": "5344"}, "format": {"precision": "2"}}, {"id": 424440153, "name": "AirTemperature", "dataTypeName": "number", "description": "Ambient air temperature at the station in degrees Fahrenheit.", "fieldName": "airtemperature", "position": 10, "renderTypeName": "number", "tableColumnId": 18423035, "width": 268, "cachedContents": {"non_null": "947492", "largest": "119.00", "null": "0", "top": [{"item": "80.10", "count": "1609"}, {"item": "80.40", "count": "1602"}, {"item": "80.30", "count": "1554"}, {"item": "80.20", "count": "1544"}, {"item": "80.50", "count": "1473"}, {"item": "80.60", "count": "1359"}, {"item": "80.70", "count": "1300"}, {"item": "80.80", "count": "1215"}, {"item": "81.00", "count": "1189"}, {"item": "80.90", "count": "1164"}, {"item": "81.20", "count": "1157"}, {"item": "81.10", "count": "1148"}, {"item": "81.30", "count": "1092"}, {"item": "82.00", "count": "1066"}, {"item": "82.10", "count": "1038"}, {"item": "81.90", "count": "1032"}, {"item": "81.80", "count": "1025"}, {"item": "82.20", "count": "1020"}, {"item": "81.70", "count": "974"}, {"item": "82.60", "count": "970"}], "not_null": "22503", "smallest": "-4.74", "cardinality": "6290"}, "format": {"precision": "2"}}], "grants": [{"inherited": false, "type": "viewer", "flags": ["public"]}], "license": {"name": "Public Domain"}, "metadata": {"rdfSubject": "0", "attachments": [{"filename": "RWIS Metadata.docx", "assetId": "8ndvNm-FKqLMMtfud0yz9hoUbsOAD7hE0Olztq2KqFI", "name": "RWIS Metadata.docx"}], "custom_fields": {"Department": {"Department": "Seattle Department of Transportation"}, "Refresh Frequency": {"Frequency": "Near Realtime"}}, "availableDisplayTypes": ["table", "fatrow", "page"], "renderTypeConfig": {"visible": {"table": true}}}, "owner": {"id": "cq6b-km4i", "displayName": "Road Weather", "screenName": "Road Weather", "type": "interactive", "userSegment": "site_member"}, "query": {}, "rights": ["read"], "tableAuthor": {"id": "cq6b-km4i", "displayName": "Road Weather", "screenName": "Road Weather", "type": "interactive", "userSegment": "site_member"}, "tags": ["road", "weather", "street", "temperature", "seattle", "transportation"], "flags": ["default", "restorable", "restorePossibleForType"]}